#diagnosis;gender;age;treatment;

iron-deficiency_anemia;male;25;iron_pills,diet,blood_transfusion
iron-deficiency_anemia;female;30;iron_pills,diet
iron-deficiency_anemia;male;55;blood_transfusion
iron-deficiency_anemia;female;60;blood_transfusion,diet
iron-deficiency_anemia;male;15;iron_pills,diet
diabetes_type_1;male;17;diet,excercise,insulin_injections,blood_sugar_monitoring
diabetes_type_1;female;18;insulin_injections,excercise
diabetes_type_1;male;27;diet,blood_sugar_monitoring,insulin_injections
diabetes_type_1;female;52;insulin_injections,blood_sugar_monitoring
diabetes_type_1;female;29;excercise
diabetes_type_1;female;55;excercise
diabetes_type_2;female;34;diet,insulin_injections,blood_sugar_monitoring,excercise
diabetes_type_2;male;16;diet
diabetes_type_2;female;50;excercise
diabetes_type_2;male;72;blood_sugar_monitoring
diabetes_type_2;female;31;insulin_injections
diabetes_type_2;male;14;diet,excercise
gestational_diabetes;female;28;diet
gestational_diabetes;female;40;diet,blood_sugar_monitoring
gestational_diabetes;female;20;diet,blood_sugar_monitoring,excercise
gestational_diabetes;female;25;diet,excercise
pernicious_anemia;male;43;vitamin_b12_injections
pernicious_anemia;female;23;vitamin_b12_injections,blood_transfusion
pernicious_anemia;male;51;blood_transfusion
pernicious_anemia;female;41;vitamin_b12_injections,blood_transfusion
thrombus_blood_clot;male;36;blood_thiners
thrombus_blood_clot;female;49;surgery
thrombus_blood_clot;male;58;blood_thiners,surgery
thrombus_blood_clot;female;26;surgery
embolus_blood_clot;male;34;surgery
embolus_blood_clot;female;60;blood_thiners
embolus_blood_clot;male;47;blood_thiners,surgery
embolus_blood_clot;female;38;blood_thiners
isolated_systolic_hypertension;male;67;blood_pressure_pills
isolated_systolic_hypertension;female;54;blood_pressure_pills, excercise
isolated_systolic_hypertension;male;58;blood_pressure_pills
isolated_systolic_hypertension;female;39;excercise
resistant_hypertension_hypertension;male;46;excercise
resistant_hypertension_hypertension;female;58;blood_pressure_pills
resistant_hypertension_hypertension;male;34;blood_pressure_pills, excercise
resistant_hypertension_hypertension;female;69;blood_pressure_pills
neurally_mediated_hypotension;male;67;diet
neurally_mediated_hypotension;female;57;blood_pressure_pills
neurally_mediated_hypotension;male;34;blood_pressure_pills, diet
neurally_mediated_hypotension;female;43;blood_pressure_pills
postprandial_hypotension;male;46;diet
postprandial_hypotension;male;50;diet
lymphocytic_leukemia;male;26;chemotherapy
lymphocytic_leukemia;female;29;chemotherapy,radiation
lymphocytic_leukemia;male;35;surgery
lymphocytic_leukemia;female;47;chemotherapy,radiation,surgery
lymphocytic_leukemia;male;56;chemotherapy,radiation
myeloid_leukemia;male;45;chemotherapy,radiation
myeloid_leukemia;female;38;stem_cell_transplant
myeloid_leukemia;female;56;chemotherapy,stem_cell_transplant
myeloid_leukemia;male;47;chemotherapy,radiation
myeloid_leukemia;female;60;chemotherapy,surgery
hodgkin_lymphoma;male;21;chemotherapy
hodgkin_lymphoma;female;29;chemotherapy,radiation
hodgkin_lymphoma;male;34;radiation,surgery
hodgkin_lymphoma;female;42;chemotherapy,radiation
non_hodgkin_lymphoma;male;24;chemotherapy,stem_cell_transplant
non_hodgkin_lymphoma;female;31;chemotherapy,radiation
non_hodgkin_lymphoma;male;29;chemotherapy
non_hodgkin_lymphoma;female;43;stem_cell_transplant
hemophilia_type_A;male;25;desmopressin
hemophilia_type_A;female;32;antifibrinolytics
hemophilia_type_A;male;43;antifibrinolytics
hemophilia_type_A;female;33;desmopressin
hemophilia_type_B;male;34;replacement_therapy
hemophilia_type_B;female;45;replacement_therapy
hemophilia_type_C;male;43;desmopressin
hemophilia_type_C;female;54;desmopressin
hemophilia_type_C;male;25;desmopressin,hormone_therapy 
hemophilia_type_C;female;20;hormone_therapy
polycythaemia_vera;male;56;phlebotomy
polycythaemia_vera;female;67;hydroxyurea
polycythaemia_vera;male;53;radiation,hydroxyurea
polycythaemia_vera;female;69;radiation,phlebotomy
primary_myelofibrosis;male;56;jakafi
primary_myelofibrosis;female;48;jakafi
myelodysplastic_syndromes;male;43;stem_cell_transplant
myelodysplastic_syndromes;female;45;stem_cell_transplant
light_chain_myeloma;female;34;chemotherapy,bone_marrow_transplant
light_chain_myeloma;female;36;bone_marrow_transplant
light_chain_myeloma;female;25;chemotherapy
solitary_plasmacytoma;male;34;chemotherapy,radiation
solitary_plasmacytoma;female;37;chemotherapy,surgery
solitary_plasmacytoma;male;29;chemotherapy,radiation,surgery
solitary_plasmacytoma;female;49;chemotherapy

